Name	Coefficient	Coefficient_std_error	Coefficient_P_value	q_value	sig_bonferroni	sig_fdr05
CNS_surface_associated_glial_cell	2.0833904988874945e-05	5.182380643529153e-06	2.908156253282674e-05	0.0028290218171493505	True	True
female_reproductive_system	2.4359918467399905e-05	6.123272251043662e-06	3.4711924136801846e-05	0.0028290218171493505	True	True
polar_follicle_cell	1.867251470426993e-05	5.18759731227559e-06	0.0001594433943899	0.008663091095184566	True	True
adult_hindgut	1.820081568721299e-05	5.261409665779987e-06	0.0002707866026755	0.00892619824075664	True	True
enteroendocrine_cell	1.9518035074148987e-05	5.647068552830584e-06	0.0002738097619864	0.00892619824075664	True	True
pericerebral_adult_fat_mass	2.0668842055673727e-05	6.197042403353577e-06	0.0004260750538255	0.009990007861967928	False	True
adult_fat_body_head	2.248841349086321e-05	6.746469465166028e-06	0.0004290187425385	0.009990007861967928	False	True
epidermal_cell_that_specialized_in_antimicrobial_response	2.1705538766151395e-05	6.93726151757345e-06	0.000877507532241	0.017879215969410375	False	True
epithelial_cell_body	1.823717110262255e-05	6.006653937643921e-06	0.0011980551403345	0.02059786427039728	False	True
oviduct	1.907375152076418e-05	6.315711135448604e-06	0.0012636726546256	0.02059786427039728	False	True
perineurial_glial_sheath	1.3499270529460506e-05	5.256452056853073e-06	0.0051123887498819	0.06989840699706956	False	False
stalk_follicle_cell	1.4095331538535943e-05	5.52978476073972e-06	0.0054018665924679	0.06989840699706956	False	False
escort_cell	1.223198918148317e-05	4.819576876247894e-06	0.0055747195764534	0.06989840699706956	False	False
hemocyte_head	1.606056666240531e-05	6.562852544785523e-06	0.0071986864689596	0.08381327817431534	False	False
adult_fat_body_body	1.5445457201765368e-05	6.4235195647132846e-06	0.0080969430271636	0.08449635027021686	False	False
adult_brain_perineurial_glial_cell	1.2916203804527507e-05	5.4049812751849326e-06	0.0084314096042963	0.08449635027021686	False	False
hemocyte_body	1.5056132096618096e-05	6.443842457505726e-06	0.0097322183266027	0.08449635027021686	False	False
seminal_vesicle___testis_epithelia	1.356436869028093e-05	5.821909389758536e-06	0.0099061634501071	0.08449635027021686	False	False
epithelial_cell_head	1.3959078297682184e-05	6.048021619176779e-06	0.0104984445074916	0.08449635027021686	False	False
male_accessory_gland_main_cell	1.517575256371704e-05	6.615978435892348e-06	0.0109009025259804	0.08449635027021686	False	False
follicle_stem_cell_and_prefollicle_cell	1.223496704589238e-05	5.364764585125444e-06	0.0112855948228657	0.08449635027021686	False	False
adult_tracheal_cell	1.3885881127853982e-05	6.099336408153298e-06	0.0114044153738943	0.08449635027021686	False	False
antimicrobial_peptide-producing_cell	1.2364037091673886e-05	5.519624434416655e-06	0.012545000625627	0.08890587399900873	False	False
enteroblast	1.2232084886785104e-05	5.575380094703705e-06	0.0141196328519544	0.09318957741844995	False	False
adult_salivary_gland	1.2519905850730584e-05	5.719065265189126e-06	0.0142928799721549	0.09318957741844995	False	False
midgut_large_flat_cell	1.2133692109137409e-05	5.589636758476826e-06	0.0149751180896158	0.09388247110028368	False	False
spermatid	1.3050555015439071e-05	6.078558818379061e-06	0.015897366189883	0.09597298847966405	False	False
cyst_cell	1.088044288769033e-05	5.223553418461509e-06	0.0186275216205402	0.10843878657671616	False	False
young_germ_cell	1.5525447148197895e-05	7.669857330877266e-06	0.0214739712310412	0.11782165178336121	False	False
optic-lobe-associated_cortex_glial_cell	1.1794955205397983e-05	5.838711768156212e-06	0.0216849665858947	0.11782165178336121	False	False
proximal_medullary_amacrine_neuron_Pm2	1.189041013280128e-05	5.950671914191953e-06	0.0228495167648754	0.12014423331208678	False	False
eo_support_cell	1.150389829018588e-05	5.806561186132436e-06	0.0237850108585026	0.12115489906049763	False	False
adult_glial_cell	1.1738147648587872e-05	6.039108365213965e-06	0.0259664914543919	0.12184972334340587	False	False
adult_midgut_enterocyte	1.081651868663431e-05	5.568979337611052e-06	0.0260515901473095	0.12184972334340587	False	False
adult_oenocyte	1.3720149404442335e-05	7.070694207573852e-06	0.0261640510246577	0.12184972334340587	False	False
medullary_intrinsic_neuron_Mi9	1.0108076546588557e-05	5.402460565533213e-06	0.0306716062665686	0.13734446468471376	False	False
follicle_cell	1.1779837301576055e-05	6.320403498766486e-06	0.0311763508793522	0.13734446468471376	False	False
cone_cell	9.6815814273774e-06	5.292858459345283e-06	0.0336864568847839	0.1440412499276845	False	False
copper_cell	1.0230648594434674e-05	5.665494603165658e-06	0.0354761933059374	0.1440412499276845	False	False
crop	1.0938457327011258e-05	6.064868585029937e-06	0.0356488242754393	0.1440412499276845	False	False
adult_brain_cell_body_glial_cell	1.0019315826038296e-05	5.578057685260922e-06	0.0362312346443869	0.1440412499276845	False	False
principal_cell	9.923196902175576e-06	5.66858913319205e-06	0.0400109943405687	0.1516931254070996	False	False
adult_midgut-hindgut_hybrid_zone	8.602782793510584e-06	4.925513084739602e-06	0.0403554592606962	0.1516931254070996	False	False
enterocyte-like	1.069570889329795e-05	6.161578694206959e-06	0.0412932784306273	0.1516931254070996	False	False
pigment_cell	9.235342436720136e-06	5.340535435415567e-06	0.041878470204414	0.1516931254070996	False	False
ejaculatory_bulb	1.072765909444402e-05	6.262122103160786e-06	0.0433468117817418	0.15359848522660682	False	False
T_neuron_T4_T5a-b	8.15926430249608e-06	4.906203915855441e-06	0.0481511752892922	0.16111922085712677	False	False
mechanosensory_neuron_of_haltere	8.637579934639782e-06	5.2079598356971615e-06	0.0486048368149205	0.16111922085712677	False	False
Poxn_neuron	7.830709407676824e-06	4.762020252991857e-06	0.0500458640014451	0.16111922085712677	False	False
distal_medullary_amacrine_neuron_Dm10	8.469280818256748e-06	5.1592799973696215e-06	0.0503403473002688	0.16111922085712677	False	False
adult_lamina_epithelial_marginal_glial_cell	8.320527573367642e-06	5.070782584469035e-06	0.0504115353602053	0.16111922085712677	False	False
male_accessory_gland_secondary_cell	9.791051955416137e-06	6.013536526088006e-06	0.0517445596916711	0.16219929287966134	False	False
adult_Malpighian_tubule_principal_cell	9.079650329051704e-06	5.7456770647958295e-06	0.057023933236175	0.1753754927829533	False	False
transmedullary_neuron_Tm29	9.083622554496249e-06	5.813287390885599e-06	0.0590778142807868	0.17832747644015276	False	False
subperineurial_glial_cell_head	9.925003977891622e-06	6.416966402871289e-06	0.060970018909558	0.1806929651319628	False	False
distal_medullary_amacrine_neuron_Dm8	7.327379351361296e-06	4.868376921345828e-06	0.0661495740023532	0.19254251004256379	False	False
adult_differentiating_enterocyte	8.915520029877369e-06	6.070848784736286e-06	0.0709735296339196	0.20295939176015607	False	False
enterocyte_of_anterior_adult_midgut_epithelium	8.018754661960473e-06	5.643224690557248e-06	0.0776652733639781	0.2182661992815247	False	False
neuron_14	7.954639201385343e-06	5.6592092978235686e-06	0.0799200344470468	0.22079602737065473	False	False
adult_Malpighian_tubule_principal_cell_of_initial_segment	7.550654257683334e-06	5.672702156181966e-06	0.091586162176527	0.2461487324104192	False	False
adult_heart_ventral_longitudinal_muscle	7.478172894895336e-06	5.631871985400151e-06	0.0921170102885618	0.2461487324104192	False	False
subperineurial_glial_cell_body	7.856415727309928e-06	6.013244431241786e-06	0.0956881280919524	0.2515671754675523	False	False
enterocyte_of_posterior_adult_midgut_epithelium	6.510230440054557e-06	5.06435122578314e-06	0.0993085691127826	0.2569412184981518	False	False
prefollicle_cell_stalk_follicle_cell	6.842985652383575e-06	5.387847633281391e-06	0.1020284598237371	0.25985373361358044	False	False
cardia__2	6.993450659370542e-06	5.5627879375944885e-06	0.1043434209674104	0.2600600837860898	False	False
intestinal_stem_cell	6.948065154041768e-06	5.549949182980637e-06	0.1053004020238155	0.2600600837860898	False	False
visceral_muscle_of_the_midgut	6.342585017473608e-06	5.149201932233983e-06	0.1090192279088224	0.265225882822956	False	False
adult_Malpighian_tubule_stellate_cell_of_main_segment	6.2865656499725246e-06	5.187805969681642e-06	0.1127951245353209	0.2703765485184898	False	False
adult_reticular_neuropil_associated_glial_cell_body	6.726722295947452e-06	5.726178371082646e-06	0.1200510698098156	0.28082388909606093	False	False
cardia__1	6.351057150705382e-06	5.419006591956648e-06	0.1205992161762225	0.28082388909606093	False	False
cell_body_glial_cell	6.535128860995462e-06	5.650142928995288e-06	0.1237116336915921	0.28401403227788047	False	False
distal_medullary_amacrine_neuron_Dm3	5.880695722547365e-06	5.151531276828761e-06	0.1268219636697565	0.28711083441903207	False	False
olfactory_receptor_neuron	5.9793488809393375e-06	5.424087978286112e-06	0.1351505437182758	0.29827195728653133	False	False
adult_Malpighian_tubule_principal_cell_of_lower_ureter	6.316976419445904e-06	5.736615450865648e-06	0.1354118088294682	0.29827195728653133	False	False
medullary_intrinsic_neuron_Mi4	6.242454172736949e-06	6.066321586571807e-06	0.1517317326925391	0.3297636323851183	False	False
adult_optic_chiasma_glial_cell	5.318189294670636e-06	5.2853684219304826e-06	0.1571573389547721	0.33298553167551936	False	False
skeletal_muscle_of_head	4.90085482797022e-06	4.903051241001637e-06	0.1587636734985457	0.33298553167551936	False	False
anterior_ejaculatory_duct	6.477557667638662e-06	6.495988691567239e-06	0.1593427697588375	0.33298553167551936	False	False
lamina_monopolar_neuron_L5	5.596408356397124e-06	5.801218227953673e-06	0.1673487078537967	0.3452891060780869	False	False
neuron_10	5.786711648689272e-06	6.132544688448586e-06	0.1726852755454102	0.35184624892377325	False	False
lamina_monopolar_neuron_L2	5.652299114662846e-06	6.288340104388003e-06	0.1843652392225617	0.3710065925095995	False	False
adult_Malpighian_tubule_principal_cell_of_lower_segment	4.747755631312504e-06	5.735777539437902e-06	0.2039077382372279	0.4026119731953934	False	False
transmedullary_Y_neuron_TmY14	4.436208189238451e-06	5.384696012512555e-06	0.2050110047559365	0.4026119731953934	False	False
T_neuron_T4_T5	4.737166679249725e-06	5.8492426464118085e-06	0.2090054560287628	0.40261511241461456	False	False
lobula_columnar_neuron_LC12	4.8427495112829945e-06	6.004012627651474e-06	0.2099526659830812	0.40261511241461456	False	False
adult_ventral_nervous_system	3.992830770336836e-06	5.026172185567056e-06	0.213479010283268	0.40461719390898465	False	False
neuron_17	4.189454086326745e-06	5.421715675036596e-06	0.2198448208278918	0.4118931700568548	False	False
gustatory_receptor_neuron	4.076557695632634e-06	5.355577840099694e-06	0.223274839418019	0.41356589574019426	False	False
adult_peripheral_nervous_system	4.11481090702009e-06	5.476726597932606e-06	0.2262280329649016	0.4143277457671793	False	False
proximal_medullary_amacrine_neuron_Pm4	3.577013157592893e-06	5.137785543759062e-06	0.243146500723733	0.44036532908853865	False	False
spermatocyte	3.962791331494346e-06	6.043390489096913e-06	0.2560011203685923	0.4585514573635225	False	False
multidendritic_neuron	3.477461023890785e-06	5.540126042137535e-06	0.2651047423228272	0.4656342427225988	False	False
indirect_flight_muscle	3.782364463840565e-06	6.042443815256635e-06	0.2656686170135073	0.4656342427225988	False	False
cardiomyocyte__working_adult_heart_muscle__non-ostia	2.875042027676273e-06	4.989967160399611e-06	0.2822519925991046	0.4894369658899367	False	False
germline_cell	6.642782890367325e-06	1.1774558391316542e-05	0.2863212358590262	0.4912669625791713	False	False
unannotated	2.580826822291566e-06	5.05494790306823e-06	0.3048314922106085	0.5102415819481583	False	False
neuron_4	3.070975491627955e-06	6.037749031664699e-06	0.3055060768930047	0.5102415819481583	False	False
pheromone-sensing_neuron	2.865327807593895e-06	5.67364754091695e-06	0.3067710124596289	0.5102415819481583	False	False
T_neuron_T2	2.6894087536419298e-06	5.488947595328108e-06	0.3120782664577382	0.5138258326526396	False	False
posterior_midgut	2.525822834148652e-06	5.387585925123925e-06	0.319598169569602	0.5209450163984513	False	False
transmedullary_neuron_Tm4	2.6016011588744865e-06	5.896473624516966e-06	0.3295293803914141	0.527168664729584	False	False
auditory_sensory_neuron	2.210730138115238e-06	5.021743364276943e-06	0.3298846859044023	0.527168664729584	False	False
centrifugal_neuron_C2	2.367439362522376e-06	5.661433915049405e-06	0.3379115727985827	0.5332687587292768	False	False
T_neuron_T4_T5c-d	2.1212079437585326e-06	5.151134711401092e-06	0.3402450975941398	0.5332687587292768	False	False
ensheathing_glial_cell	2.2835293449391693e-06	5.7700520659819375e-06	0.3461427356626662	0.537345389647758	False	False
neuron_6	2.2852870812385948e-06	6.288266571447969e-06	0.3581452704706959	0.5507328215728625	False	False
lobula_columnar_neuron_LC10	1.8864309972228348e-06	5.725202863710183e-06	0.3708904378346063	0.5650013211872974	False	False
adult_reticular_neuropil_associated_glial_cell_head	1.6379696107820423e-06	5.3721178832107735e-06	0.3802203874479188	0.5716011048249153	False	False
neuron_2	1.5742062614818148e-06	5.254138387708684e-06	0.3822363216313851	0.5716011048249153	False	False
16-cell_germline_cyst_in_germarium_region_2a_and_2b	1.7541099027891262e-06	6.062131151829223e-06	0.3861547411116955	0.5722111163746033	False	False
distal_medullary_amacrine_neuron_Dm9	1.50502893803797e-06	5.408486237084651e-06	0.3904018795554367	0.5732928501579836	False	False
neuron_5	1.3704762744775849e-06	5.366604961252867e-06	0.3992182116455796	0.5767199420852986	False	False
lamina_intrinsic_amacrine_neuron_Lai	1.363920793227288e-06	5.373283052494581e-06	0.3998119843904217	0.5767199420852986	False	False
transmedullary_Y_neuron_TmY8	1.278218747197033e-06	5.499202838104876e-06	0.4080992690137697	0.5790682379795296	False	False
visceral_muscle_of_the_crop	1.2238811156368545e-06	5.291562339368155e-06	0.4085450758751282	0.5790682379795296	False	False
Johnston_organ_neuron	1.0766947488251378e-06	5.212773889109744e-06	0.4181809331891541	0.5876163112916563	False	False
lamina_wide-field_2_neuron	1.055771844989096e-06	5.509872674856784e-06	0.4240220671205209	0.5907315977832898	False	False
transmedullary_Y_neuron_TmY4	9.433440845724592e-07	5.252476625801251e-06	0.4287333559594098	0.5922333645879984	False	False
photoreceptor_cell_R7	8.3545762440169e-07	5.471767480723767e-06	0.439323287034071	0.6008069576631284	False	False
ejaculatory_bulb_epithelium	7.770738522687821e-07	5.711306868350813e-06	0.4458873784062962	0.6008069576631284	False	False
T_neuron_T3	6.906005531758622e-07	5.536836653698893e-06	0.4503693025026595	0.6008069576631284	False	False
scolopidial_neuron	6.186439774875097e-07	5.364355214991787e-06	0.4540937829665994	0.6008069576631284	False	False
transmedullary_neuron_Tm5c	6.197806944151388e-07	5.511970771655981e-06	0.4552362131888905	0.6008069576631284	False	False
photoreceptor_cell_R8	6.564369096050831e-07	6.086325499628419e-06	0.4570555996946498	0.6008069576631284	False	False
outer_photoreceptor_cell	5.493859836592531e-07	5.755018490754421e-06	0.4619739078029939	0.602413975775104	False	False
transmedullary_neuron_Tm9	3.638478512683699e-07	5.548130987648971e-06	0.4738560042933278	0.6081594910347508	False	False
adult_alary_muscle	3.5500651261479245e-07	6.011078360209056e-06	0.4764526743207689	0.6081594910347508	False	False
transmedullary_neuron_Tm20	3.121537428331779e-07	5.549838875740282e-06	0.4775730972542828	0.6081594910347508	False	False
lamina_monopolar_neuron_L4	3.8940835501773664e-08	6.284548973877055e-06	0.4975280570854318	0.6260319638667498	False	False
lobula_columnar_neuron_LC17	1.0026426480315977e-08	5.628173214918865e-06	0.4992892963354446	0.6260319638667498	False	False
transmedullary_neuron_Tm2	-7.493834018916462e-08	5.745297559052637e-06	0.5052034249456231	0.6286118951613479	False	False
neuron_15	-2.2905342871545707e-07	5.6290906688596136e-06	0.5162288887960625	0.6357767955190081	False	False
columnar_neuron_T1	-3.175864493485147e-07	5.633811916618995e-06	0.5224770712035484	0.6357767955190081	False	False
antennal_lobe_projection_neuron	-3.13785946616786e-07	5.520645066160756e-06	0.5226631325125588	0.6357767955190081	False	False
dopaminergic_PAM_neuron	-3.792027590057595e-07	5.194667190148633e-06	0.5290963326369457	0.6388348312579418	False	False
centrifugal_neuron_C3	-6.207775028037127e-07	5.529495118865668e-06	0.5446939799905597	0.6528317554298619	False	False
neuron_13	-7.136305480617178e-07	5.162807548826717e-06	0.5549688140651776	0.655517519143566	False	False
lamina_wide-field_1_neuron	-7.422827961700996e-07	5.369188950221836e-06	0.5549780223424057	0.655517519143566	False	False
distal_medullary_amacrine_neuron_Dm12	-8.362341933791307e-07	5.377834780571111e-06	0.5617850220675693	0.6563798381797546	False	False
neuron_7	-9.04709479086715e-07	5.5495223956918455e-06	0.5647505245978728	0.6563798381797546	False	False
neuron_1	-1.0082656786836595e-06	5.905023081951213e-06	0.5677886943763522	0.6563798381797546	False	False
ocellus_retinula_cell	-9.55274808232835e-07	5.267873515070581e-06	0.5719495420698284	0.6565336292773383	False	False
neuron_12	-1.0600228011786033e-06	5.187466771610122e-06	0.5809572861543797	0.6572893148882696	False	False
transmedullary_neuron_Tm1	-1.1543288895281132e-06	5.570529151301165e-06	0.5820812448066435	0.6572893148882696	False	False
neuron_9	-1.2029144364034632e-06	5.622527562013028e-06	0.5847052187656385	0.6572893148882696	False	False
transmedullary_neuron_Tm3a	-1.6105161823789982e-06	5.88693936792996e-06	0.6077941633136714	0.6785647165762222	False	False
lamina_monopolar_neuron_L3	-1.7914916131355207e-06	6.059309062933952e-06	0.6162548927866697	0.6833302552668514	False	False
transmedullary_Y_neuron_TmY5a	-1.933663367044359e-06	5.783420151970675e-06	0.6309407569078813	0.6948874552431396	False	False
lamina_monopolar_neuron_L1	-2.394013315127642e-06	5.993218731933874e-06	0.6552205286041553	0.7148821600130139	False	False
T_neuron_T2a	-2.359747849003304e-06	5.8029138489153176e-06	0.6578670184168839	0.7148821600130139	False	False
neuron_11	-2.7569463563017354e-06	5.56891002425822e-06	0.6897212274829354	0.7445335104617118	False	False
leg_muscle_motor_neuron	-2.7201827000445363e-06	5.267037826200176e-06	0.697231317036487	0.7476888465588644	False	False
neuron_16	-3.5305863408320368e-06	5.54809399160865e-06	0.7377291702998021	0.7859467631298546	False	False
gamma_Kenyon_cell	-3.595290965017317e-06	5.342715311174779e-06	0.7495051322997291	0.7933073802912718	False	False
Kenyon_cell	-3.918459113149022e-06	5.661346220187065e-06	0.7555761215720924	0.7945735988145229	False	False
neuron_3	-4.934560419774791e-06	5.542635410541407e-06	0.8133452704999099	0.8404603486539324	False	False
neuron_8	-5.062215034747788e-06	5.662339558218042e-06	0.814342997979407	0.8404603486539324	False	False
octopaminergic_tyraminergic_neuron	-4.8894066894703305e-06	5.461359707616782e-06	0.8146793563639344	0.8404603486539324	False	False
medullary_intrinsic_neuron_Mi1	-5.582290782198468e-06	5.917989649386697e-06	0.8272298310246214	0.8480406443837314	False	False
muscle_cell	-5.346665502898557e-06	5.2662595509656505e-06	0.8450109847866909	0.8608549407514413	False	False
alpha_beta_Kenyon_cell	-8.731080634081348e-06	6.155894426733013e-06	0.9219525631410146	0.9299015054572152	False	False
medullary_intrinsic_neuron_Mi15	-7.942544996336595e-06	5.539202079178845e-06	0.9241965882458212	0.9299015054572152	False	False
alpha__beta__Kenyon_cell	-1.0112648941138868e-05	5.945530862302027e-06	0.9555174661148812	0.9555174661148812	False	False
